{
  "batches_processed": 5000,
  "normalizations_used": {
    "frame_latent": [
      -4.79296875,
      5.098236083984375
    ],
    "audio_in_latent": [
      -28.728960037231445,
      35.23261642456055
    ],
    "audio_out_latent": [
      -47.9345588684082,
      50.30904006958008
    ],
    "keyboard_latent": [
      -1.1530787944793701,
      1.148032784461975
    ],
    "mouse_latent": [
      -150.0,
      150.0
    ]
  },
  "post_normalization_stats_masked": {
    "frame_latent": {
      "min": -1.0,
      "max": 1.0,
      "mean": -0.07373343043179305,
      "std": 0.20572102269703388,
      "quantiles": {
        "25": -0.19775390625,
        "50": -0.037109375,
        "75": 0.0712890625
      }
    },
    "audio_in_latent": {
      "min": -1.0,
      "max": 1.0,
      "mean": -0.11838537486471697,
      "std": 0.12537721556348805,
      "quantiles": {
        "25": -0.19003312289714813,
        "50": -0.12212896347045898,
        "75": -0.04933227598667145
      }
    },
    "audio_out_latent": {
      "min": -1.0,
      "max": 1.0,
      "mean": -0.034824095869087315,
      "std": 0.08490188321194946,
      "quantiles": {
        "25": -0.08616568148136139,
        "50": -0.036375731229782104,
        "75": 0.011715620756149292
      }
    },
    "keyboard_latent": {
      "min": -0.9702938199043274,
      "max": 1.0,
      "mean": -0.013729155359757632,
      "std": 0.11632852369802704,
      "quantiles": {
        "25": -0.07969754934310913,
        "50": -0.0034756064414978027,
        "75": 0.0421140193939209
      }
    },
    "mouse_latent": {
      "min": -1.0,
      "max": 1.0,
      "mean": 0.00019659588212874457,
      "std": 0.04184372594554197,
      "quantiles": {
        "25": 0.0,
        "50": 0.0,
        "75": 0.0
      }
    }
  },
  "raw_stats_masked": {
    "video": {
      "min": -4.79296875,
      "max": 5.09765625,
      "mean": -0.21201871149901783,
      "std": 1.017417659211371,
      "quantiles": {
        "25": -0.84814453125,
        "50": -0.05377197265625,
        "75": 0.4716796875
      }
    },
    "audio_in": {
      "min": -28.728960037231445,
      "max": 35.23261642456055,
      "mean": -0.5342285582412909,
      "std": 4.009662300473376,
      "quantiles": {
        "25": -2.8230226039886475,
        "50": -0.6091545820236206,
        "75": 1.7129664421081543
      }
    },
    "audio_out": {
      "min": -47.9345588684082,
      "max": 50.30904006958008,
      "mean": -0.5233816506484668,
      "std": 4.170533283621206,
      "quantiles": {
        "25": -2.9479867815971375,
        "50": -0.5757351815700531,
        "75": 1.8094526827335358
      }
    },
    "key_press": {
      "min": -1.118900179862976,
      "max": 1.148032784461975,
      "mean": -0.018319109084628797,
      "std": 0.133842461609578,
      "quantiles": {
        "25": -0.09403987042605877,
        "50": -0.0037470648530870676,
        "75": 0.045931626111269
      }
    },
    "mouse_movement": {
      "min": -150.0,
      "max": 150.0,
      "mean": 0.029489457479439433,
      "std": 6.276558973269467,
      "quantiles": {
        "25": 0.0,
        "50": 0.0,
        "75": 0.0
      }
    }
  },
  "sigma_data_suggestion": {
    "sigma_data_video": 0.20572102269703388,
    "sigma_data_audio_in": 0.12537721556348805,
    "sigma_data_audio_out": 0.08490188321194946,
    "sigma_data_key_press": 0.11632852369802704,
    "sigma_data_mouse_movement": 0.04184372594554197
  },
  "config": {
    "clip_for_std": false,
    "max_batches": 5000,
    "num_workers": 19,
    "save_every": 10
  }
}